{
  "random_forest": {
    "n_estimators": 460,
    "max_depth": 19,
    "min_samples_split": 5,
    "min_samples_leaf": 1,
    "max_features": null
  },
  "xgboost": {
    "n_estimators": 358,
    "max_depth": 9,
    "learning_rate": 0.08549709040070744,
    "subsample": 0.9986714710344716,
    "colsample_bytree": 0.7720570353807048
  },
  "lightgbm": {
    "n_estimators": 486,
    "max_depth": 14,
    "learning_rate": 0.1728452698477596,
    "num_leaves": 37,
    "subsample": 0.7922724582934423,
    "colsample_bytree": 0.6056038787266721
  },
  "best_model": "XGBoost"
}