{
  "random_forest": {
    "n_estimators": 312,
    "max_depth": 20,
    "min_samples_split": 4,
    "min_samples_leaf": 1,
    "max_features": "sqrt"
  },
  "xgboost": {
    "n_estimators": 246,
    "max_depth": 8,
    "learning_rate": 0.14554302449469458,
    "subsample": 0.9957135154958927,
    "colsample_bytree": 0.7634931040127816
  },
  "lightgbm": {
    "n_estimators": 297,
    "max_depth": 11,
    "learning_rate": 0.04982836792371132,
    "num_leaves": 82,
    "subsample": 0.8383825758409673,
    "colsample_bytree": 0.7615715181984358
  },
  "best_model": "LightGBM"
}