{
  "random_forest": {
    "n_estimators": 349,
    "max_depth": 27,
    "min_samples_split": 13,
    "min_samples_leaf": 1,
    "max_features": "log2"
  },
  "xgboost": {
    "n_estimators": 288,
    "max_depth": 8,
    "learning_rate": 0.12332250445439052,
    "subsample": 0.9780459828075534,
    "colsample_bytree": 0.8449886575815749
  },
  "lightgbm": {
    "n_estimators": 240,
    "max_depth": 9,
    "learning_rate": 0.0967338131250581,
    "num_leaves": 42,
    "subsample": 0.8056082182053492,
    "colsample_bytree": 0.67840430532972
  },
  "best_model": "LightGBM"
}